"site","mean_chlorophylla"
"BGO-1",0.499433042333333
"BGO-2",0.412099709
"BGO-3",1.64203042866667
"BK-1",0.583433042333333
"BK-2",0.814099709
"BK-3",0.74721082
"EM-1",0.856321931
"KD-1",0.232026902
"KD-2",0.423877487
"LI-1",0.331587838
"LI-2",0.303210820333333
"LI-3",0.477433042333333
"MS-1",0.615877487
"OS-1",1.38312907033333
"OS-2",0.728416424333333
"OS-3",1.30743304233333
"SM-1",1.33082559966667
