"Genus","Species","mean_odd_chains","sd_odd_chains","n"
"Drapa",NA,0.0021408674740667,0.000223455548592895,4
"Eulimnogammarus","cyaneus",0.0132318212490096,0.00312372922002409,2
"Eulimnogammarus","verrucosus",0.00491357278153606,0.001896107110778,6
"Eulimnogammarus","vittatus",0.00686280160445021,0.00152072542385367,6
"Pallasea","cancellus",0.00524390538354747,0.000838735563721765,3
"Periphyton",NA,0.00410316363678753,0.00216526226928826,7
"Snail",NA,0.0202757529814585,0.00183099656842157,3
