"Genus","Species","n","Branched","LCUFA","MUFA","SAFA","SCUFA"
"Draparnaldia",NA,4,0.000114842772541192,0.0124740888981382,0.0884230831116229,0.189141818163668,0.70984616705403
"Eulimnogammarus","cyaneus",2,0.00161529412609976,0.259126246497247,0.309304693640666,0.247944955117304,0.182008810618683
"Eulimnogammarus","verrucosus",6,0.000409458059139858,0.18803470585554,0.384643432039223,0.239772006455833,0.187140397590264
"Eulimnogammarus","vittatus",6,0.000729276748942119,0.170591002471844,0.371142340685558,0.241318892610591,0.216218487483064
"Pallasea","cancellus",3,0.000687172819367819,0.282185417394796,0.359116895178236,0.186874780710373,0.171135733897226
"Periphyton",NA,7,0.000463218369366995,0.0731230227032172,0.0922999392769531,0.28391787661648,0.550195943033983
"Snail",NA,3,0.00168241416915642,0.469908037236973,0.123486311075228,0.193777056853239,0.211146180665404
