"Genus","Species","n","Branched","LCUFA","MUFA","SAFA","SCUFA"
"Draparnaldia",NA,4,0.000347377191841553,0.0124740888981382,0.0881905486923225,0.189141818163668,0.70984616705403
"Eulimnogammarus","cyaneus",2,0.00228344358986204,0.259126246497247,0.308636544176904,0.247944955117304,0.182008810618683
"Eulimnogammarus","verrucosus",6,0.00188349222963191,0.18803470585554,0.383169397868731,0.239772006455833,0.187140397590264
"Eulimnogammarus","vittatus",6,0.0024030690691548,0.170591002471844,0.369468548365346,0.241318892610591,0.216218487483064
"Pallasea","cancellus",3,0.00228343688182371,0.282185417394796,0.357520631115781,0.186874780710373,0.171135733897226
"Periphyton",NA,7,0.000795061989198717,0.0731230227032172,0.0919680956571214,0.28391787661648,0.550195943033983
"Snail",NA,3,0.00279359861246076,0.469908037236973,0.122375126631924,0.193777056853239,0.211146180665404
